"(PDH-CSV 4.0) (Coordinated Universal Time)(0)","\\DatabaseVM\Processor(_Total)\% Processor Time","\\DatabaseVM\Memory\Available MBytes"
"10/28/2025 00:42:34.327","98.428792999284837606","8124"
"10/28/2025 00:42:35.347","53.635829298122473574","8122"
"10/28/2025 00:42:36.365","83.893248599590066306","8137"
"10/28/2025 00:42:37.379","46.438080589574035173","8134"
"10/28/2025 00:42:38.398","32.500323507540429091","8132"
"10/28/2025 00:42:39.413","54.989878338166420235","8133"
"10/28/2025 00:42:40.427","49.531006716360572284","8117"
"10/28/2025 00:42:41.444","58.54626428514156089","8189"
"10/28/2025 00:42:42.462","74.659659258727771203","8193"
"10/28/2025 00:42:43.479","35.122009082931704427","8186"
"10/28/2025 00:42:44.483","34.210311527122406972","8187"
"10/28/2025 00:42:45.504","39.199714859335145434","8209"
"10/28/2025 00:42:46.510","32.387654954438673371","8220"
"10/28/2025 00:42:47.520","34.260174334716673172","8220"
"10/28/2025 00:42:48.534","28.749911757734658124","8220"
"10/28/2025 00:42:49.552","32.077989172853094146","8222"
"10/28/2025 00:42:50.567","34.56908287986782824","8223"
"10/28/2025 00:42:51.588","28.086174184466617731","8224"
"10/28/2025 00:42:52.595","62.749296607384728475","8221"
"10/28/2025 00:42:53.613","37.500565639008151209","8213"
"10/28/2025 00:42:54.625","37.037384969533690082","8209"
"10/28/2025 00:42:55.643","33.654750502364663589","8219"
"10/28/2025 00:42:56.649","30.485961910069814707","8219"
"10/28/2025 00:42:57.660","60.594876312787107508","8221"
"10/28/2025 00:42:58.673","51.41119894677495239","8221"
"10/28/2025 00:42:59.692","29.435696652527621353","8221"
"10/28/2025 00:43:00.705","30.558614405725926133","8227"
"10/28/2025 00:43:01.721","33.531737113204840739","8229"
"10/28/2025 00:43:02.736","57.646326981050385996","8224"
"10/28/2025 00:43:03.751","33.815180165053490668","8221"
"10/28/2025 00:43:04.757","45.289941915761708913","8213"
"10/28/2025 00:43:05.774","45.418188069329815448","8212"
"10/28/2025 00:43:06.786","28.575754751452421942","8212"
"10/28/2025 00:43:07.803","42.784330903534439017","8214"
"10/28/2025 00:43:08.806","52.889561207470350723","8233"
"10/28/2025 00:43:09.826","44.464562964720578009","8230"
"10/28/2025 00:43:10.832","40.2144087088866371","8229"
"10/28/2025 00:43:11.834","30.996989603933911894","8229"
"10/28/2025 00:43:12.838","57.986842001745351638","8216"
"10/28/2025 00:43:13.848","31.905632993845355116","8220"
"10/28/2025 00:43:14.865","35.84681643328653422","8219"
"10/28/2025 00:43:15.879","32.986487413808603719","8234"
"10/28/2025 00:43:16.895","29.674292295005944453","8234"
"10/28/2025 00:43:17.911","32.648179557903546311","8234"
"10/28/2025 00:43:18.921","27.334598952292310514","8234"
"10/28/2025 00:43:19.937","31.967871889014777054","8237"
"10/28/2025 00:43:20.942","30.78085221544577621","8237"
"10/28/2025 00:43:21.946","32.713158010289255628","8238"
"10/28/2025 00:43:22.962","60.387106683246535965","8234"
"10/28/2025 00:43:23.982","35.268815011257615311","8234"
"10/28/2025 00:43:24.988","40.96867447407935714","8229"
"10/28/2025 00:43:25.997","30.710229786724653422","8236"
"10/28/2025 00:43:27.012","29.992259082530424052","8237"
"10/28/2025 00:43:28.019","30.156006523838740918","8237"
"10/28/2025 00:43:29.027","39.91979696902281205","8237"
"10/28/2025 00:43:30.046","28.677782159160415176","8237"
"10/28/2025 00:43:31.053","30.20400432717801209","8236"
"10/28/2025 00:43:32.089","50.599026343257449412","8151"
"10/28/2025 00:43:33.312","69.037970153058921596","8125"
"10/28/2025 00:43:34.330","83.493497441065997577","8135"
"10/28/2025 00:43:35.334","88.718499671955612484","8129"
"10/28/2025 00:43:36.343","94.579282973571181969","8147"
"10/28/2025 00:43:37.348","52.206768239598801529","8150"
"10/28/2025 00:43:38.369","28.442337971768139937","8142"
"10/28/2025 00:43:39.375","34.351280692211226153","8142"
"10/28/2025 00:43:40.392","32.40898316565845505","8142"
"10/28/2025 00:43:41.426","61.449786977872292937","8233"
"10/28/2025 00:43:42.513","61.929810269897124897","8228"
"10/28/2025 00:43:43.531","30.904907169115205079","8228"
"10/28/2025 00:43:44.545","36.469689524807414216","8228"
"10/28/2025 00:43:45.547","34.116334981032991891","8234"
"10/28/2025 00:43:46.566","33.664952358272628885","8234"
"10/28/2025 00:43:47.582","32.695483684217265363","8234"
"10/28/2025 00:43:48.592","27.340630980639048175","8235"
"10/28/2025 00:43:49.595","30.634139022329065938","8241"
"10/28/2025 00:43:50.613","30.18877984986616525","8241"
"10/28/2025 00:43:51.621","29.485120746765648647","8241"
"10/28/2025 00:43:52.629","61.221509784489377637","8239"
"10/28/2025 00:43:53.650","30.424743879872995223","8239"
"10/28/2025 00:43:54.667","37.014408743624137799","8239"
"10/28/2025 00:43:55.679","37.435315840614279637","8242"
"10/28/2025 00:43:56.690","32.367336209166133187","8243"
"10/28/2025 00:43:57.710","50.989723329146549702","8243"
"10/28/2025 00:43:58.721","50.545140911730001676","8243"
"10/28/2025 00:43:59.743","29.642484955972591365","8243"
"10/28/2025 00:44:00.749","37.154377004915026816","8243"
"10/28/2025 00:44:01.753","34.602126813576447262","8243"
"10/28/2025 00:44:02.763","60.180440263554423552","8237"
"10/28/2025 00:44:03.779","34.626076168613806772","8237"
"10/28/2025 00:44:04.797","41.284673882065007433","8236"
"10/28/2025 00:44:05.817","30.674485820128161606","8241"
"10/28/2025 00:44:06.838","30.371034546250530894","8242"
"10/28/2025 00:44:07.858","29.538734824481604591","8242"
"10/28/2025 00:44:08.865","31.368883681326565238","8241"
"10/28/2025 00:44:09.871","31.646321463522355089","8241"
"10/28/2025 00:44:10.890","31.377581564462708741","8241"
"10/28/2025 00:44:11.898","30.233741894463108224","8241"
"10/28/2025 00:44:12.911","61.42160103935761839","8225"
"10/28/2025 00:44:13.932","33.827995394660689499","8224"
"10/28/2025 00:44:14.953","34.563018266979298687","8224"
"10/28/2025 00:44:15.964","34.348999114190363002","8235"
"10/28/2025 00:44:16.973","32.611725854660548407","8235"
"10/28/2025 00:44:17.979","29.72062946464293276","8235"
"10/28/2025 00:44:18.983","30.386916676315532726","8235"
"10/28/2025 00:44:19.986","29.900525293685021211","8235"
"10/28/2025 00:44:21.002","31.94855695620455549","8236"
"10/28/2025 00:44:22.013","35.069265386778411653","8236"
"10/28/2025 00:44:23.036","60.660603081710171125","8230"
"10/28/2025 00:44:24.055","35.590231975276076071","8230"
"10/28/2025 00:44:25.069","35.699732841071188716","8231"
"10/28/2025 00:44:26.074","31.19270693127145222","8238"
"10/28/2025 00:44:27.085","29.705324721231406215","8238"
"10/28/2025 00:44:28.111","27.277601702075237711","8239"
"10/28/2025 00:44:29.115","39.67709893166671975","8244"
"10/28/2025 00:44:30.116","28.228014331030671258","8239"
"10/28/2025 00:44:31.126","29.592016716384094366","8239"
"10/28/2025 00:44:32.173","55.203512235772400629","8133"
"10/28/2025 00:44:33.240","68.902334971676609143","8117"
"10/28/2025 00:44:34.243","35.311115190234573902","8117"
"10/28/2025 00:44:35.255","37.49774683235494166","8118"
"10/28/2025 00:44:36.261","72.812431704828455281","8129"
"10/28/2025 00:44:37.279","81.97300002287816767","8130"
"10/28/2025 00:44:38.289","87.624693587413233331","8139"
"10/28/2025 00:44:39.313","58.391767890473069258","8127"
"10/28/2025 00:44:40.337","32.846900701322546468","8124"
"10/28/2025 00:44:41.380","54.703937901761804596","8216"
"10/28/2025 00:44:42.502","73.181251060490140503","8215"
"10/28/2025 00:44:43.512","31.579516118992767559","8215"
"10/28/2025 00:44:44.522","30.383422120769722596","8215"
"10/28/2025 00:44:45.533","38.162067820875790858","8216"
"10/28/2025 00:44:46.542","29.534150049156981055","8216"
"10/28/2025 00:44:47.551","32.305210061265533739","8218"
"10/28/2025 00:44:48.569","30.9313978964442029","8218"
"10/28/2025 00:44:49.572","29.879832607141864287","8218"
"10/28/2025 00:44:50.592","30.70670446169284773","8218"
"10/28/2025 00:44:51.598","30.103850394355934128","8218"
"10/28/2025 00:44:52.617","56.671550128614192943","8215"
"10/28/2025 00:44:53.620","36.083950843432447186","8215"
"10/28/2025 00:44:54.622","34.15362809897158769","8214"
"10/28/2025 00:44:55.629","32.495793696518674665","8218"
"10/28/2025 00:44:56.646","33.140548588100529059","8218"
"10/28/2025 00:44:57.656","45.110232753888702462","8218"
"10/28/2025 00:44:58.677","56.373459741269449808","8219"
"10/28/2025 00:44:59.692","30.712620635178410566","8219"
"10/28/2025 00:45:00.699","32.906130006676818311","8219"
"10/28/2025 00:45:01.713","32.238965522101480587","8219"
"10/28/2025 00:45:02.730","60.432253437313491418","8214"
"10/28/2025 00:45:03.739","31.880365473976912227","8212"
"10/28/2025 00:45:04.755","35.359666204703742665","8212"
"10/28/2025 00:45:05.759","41.259830506634763481","8220"
"10/28/2025 00:45:06.767","29.484092603163382762","8220"
"10/28/2025 00:45:07.783","31.191198693455191915","8220"
"10/28/2025 00:45:08.799","30.005699474366497981","8220"
"10/28/2025 00:45:09.810","28.907936891019204495","8220"
"10/28/2025 00:45:10.820","30.784392218679045072","8220"
"10/28/2025 00:45:11.825","31.601833329536198391","8221"
"10/28/2025 00:45:12.835","57.4257641564443162","8208"
"10/28/2025 00:45:13.844","29.975699573197513104","8206"
"10/28/2025 00:45:14.864","37.190844143289488954","8205"
"10/28/2025 00:45:15.880","31.918107887857505744","8218"
"10/28/2025 00:45:16.898","31.697934462040777248","8218"
"10/28/2025 00:45:17.912","30.633013644221087191","8218"
"10/28/2025 00:45:18.926","33.404578675236741958","8218"
"10/28/2025 00:45:19.931","29.627153841590647687","8218"
"10/28/2025 00:45:20.942","31.641243781871708052","8219"
"10/28/2025 00:45:21.954","32.422054062261850049","8219"
"10/28/2025 00:45:22.963","60.886636058550195116","8209"
"10/28/2025 00:45:23.983","32.627999940418646929","8208"
"10/28/2025 00:45:24.986","36.87706232768217518","8207"
"10/28/2025 00:45:26.001","30.830117292446079347","8218"
"10/28/2025 00:45:27.009","27.870382761382593628","8218"
"10/28/2025 00:45:28.022","30.178322817092460895","8218"
"10/28/2025 00:45:29.035","36.392386918409656005","8239"
"10/28/2025 00:45:30.045","35.80056833606557376","8238"
"10/28/2025 00:45:31.054","49.258247538911660968","8247"
"10/28/2025 00:45:32.082","55.565613912824353804","8195"
"10/28/2025 00:45:33.361","75.259722859591590804","8126"
"10/28/2025 00:45:34.379","40.127570645782185466","8129"
"10/28/2025 00:45:35.388","35.36685688717840037","8128"
"10/28/2025 00:45:36.406","50.080760420974570479","8136"
"10/28/2025 00:45:37.411","32.020283122815698107","8136"
"10/28/2025 00:45:38.415","70.452307860129010919","8134"
"10/28/2025 00:45:39.442","74.103018751998035896","8129"
"10/28/2025 00:45:40.503","75.69885727013368637","8142"
"10/28/2025 00:45:41.652","84.020463549281075188","8229"
"10/28/2025 00:45:42.671","64.352816072108964818","8227"
"10/28/2025 00:45:43.691","38.376943938572352977","8225"
"10/28/2025 00:45:44.704","36.759387646271527217","8224"
"10/28/2025 00:45:45.716","33.970374440118156656","8228"
"10/28/2025 00:45:46.733","28.596243296338919038","8229"
"10/28/2025 00:45:47.750","29.331981488961133664","8229"
"10/28/2025 00:45:48.755","30.00989541873268962","8229"
"10/28/2025 00:45:49.771","31.545511718866915629","8229"
"10/28/2025 00:45:50.779","30.649368090104999851","8229"
"10/28/2025 00:45:51.791","28.202030111840048932","8229"
"10/28/2025 00:45:52.810","63.204216109979164173","8228"
"10/28/2025 00:45:53.825","32.672345511845577448","8226"
"10/28/2025 00:45:54.827","37.980628713548028941","8224"
"10/28/2025 00:45:55.845","32.843952211095917448","8229"
"10/28/2025 00:45:56.858","31.381709493361775287","8229"
"10/28/2025 00:45:57.873","54.578152676532390331","8229"
"10/28/2025 00:45:58.880","43.377884420542486055","8229"
"10/28/2025 00:45:59.890","28.405071292135275485","8229"
"10/28/2025 00:46:00.901","27.756185022903899551","8229"
"10/28/2025 00:46:01.912","34.722747118246665821","8229"
"10/28/2025 00:46:02.929","70.810923906647261106","8220"
"10/28/2025 00:46:03.943","35.661041716329663132","8220"
"10/28/2025 00:46:04.956","40.597490620760353863","8212"
"10/28/2025 00:46:05.970","33.735079975532642038","8224"
"10/28/2025 00:46:06.987","27.796053876753379797","8224"
"10/28/2025 00:46:07.995","28.331440766970374057","8225"
"10/28/2025 00:46:09.001","30.502889390335209185","8230"
"10/28/2025 00:46:10.017","34.617637792174548395","8229"
"10/28/2025 00:46:11.023","61.181428141842289392","8228"
"10/28/2025 00:46:12.041","56.251734580348220049","8229"
"10/28/2025 00:46:13.049","88.379966829794170735","8199"
"10/28/2025 00:46:14.059","48.921651236588871825","8200"
"10/28/2025 00:46:15.077","64.30403834177484157","8198"
"10/28/2025 00:46:16.086","45.845510150890866896","8200"
"10/28/2025 00:46:17.105","44.396163573622594356","8200"
"10/28/2025 00:46:18.128","50.345888402442241727","8230"
"10/28/2025 00:46:19.132","35.798661230520025356","8228"
"10/28/2025 00:46:20.139","43.784654708663495626","8211"
"10/28/2025 00:46:21.152","34.851470863396535549","8216"
"10/28/2025 00:46:22.158","35.126385681861741261","8211"
"10/28/2025 00:46:23.176","52.795210952300806184","8208"
"10/28/2025 00:46:24.193","31.24401830598720764","8216"
"10/28/2025 00:46:25.213","34.524802339965454223","8230"
"10/28/2025 00:46:26.223","29.182153408549417861","8230"
"10/28/2025 00:46:27.234","30.48700372663807201","8230"
"10/28/2025 00:46:28.238","30.772437471300897016","8232"
"10/28/2025 00:46:29.254","33.855310713416564283","8252"
"10/28/2025 00:46:30.273","27.138513765574867165","8252"
"10/28/2025 00:46:31.293","27.254399335379041247","8252"
"10/28/2025 00:46:32.302","62.072334454811574744","8174"
"10/28/2025 00:46:33.337","71.682604549920526438","8129"
"10/28/2025 00:46:34.355","30.913216978335466223","8130"
"10/28/2025 00:46:35.360","35.538666858859812692","8130"
"10/28/2025 00:46:36.379","55.48359576029942275","8142"
"10/28/2025 00:46:37.397","29.820243599581218064","8141"
"10/28/2025 00:46:38.407","28.851286071779281173","8142"
"10/28/2025 00:46:39.411","42.031099140811633674","8142"
"10/28/2025 00:46:40.423","73.770178077408615991","8142"
"10/28/2025 00:46:41.589","80.217842718988606521","8235"
"10/28/2025 00:46:42.606","85.395809833397862576","8224"
"10/28/2025 00:46:43.618","76.474536846205154461","8224"
"10/28/2025 00:46:44.631","41.379996337175349197","8215"
"10/28/2025 00:46:45.647","39.212885474638589756","8229"
"10/28/2025 00:46:46.651","29.212610741969825767","8228"
"10/28/2025 00:46:47.671","33.351170092373628506","8228"
"10/28/2025 00:46:48.673","29.44531295061450038","8228"
"10/28/2025 00:46:49.684","28.519865201302884827","8228"
"10/28/2025 00:46:50.691","30.95802973070739128","8228"
"10/28/2025 00:46:51.703","30.94219506688413901","8228"
"10/28/2025 00:46:52.721","61.239348420788395799","8217"
"10/28/2025 00:46:53.727","31.2610013474273849","8215"
"10/28/2025 00:46:54.744","36.240787823206041196","8214"
"10/28/2025 00:46:55.754","35.023729581485483209","8225"
"10/28/2025 00:46:56.764","29.58478509387837363","8225"
"10/28/2025 00:46:57.773","52.759532252829941967","8225"
"10/28/2025 00:46:58.793","49.455977222179903663","8226"
"10/28/2025 00:46:59.811","32.070191661706736852","8232"
"10/28/2025 00:47:00.816","30.883607323760585928","8232"
"10/28/2025 00:47:01.827","30.772810996215184787","8232"
"10/28/2025 00:47:02.831","61.876250645707386866","8231"
"10/28/2025 00:47:03.841","33.875519999778255453","8228"
"10/28/2025 00:47:04.849","39.588443015110449608","8227"
"10/28/2025 00:47:05.871","32.687927229725879386","8232"
"10/28/2025 00:47:06.880","29.189519183831315274","8232"
"10/28/2025 00:47:07.895","29.135108168170887666","8232"
"10/28/2025 00:47:08.912","28.181143446325616964","8232"
"10/28/2025 00:47:09.927","29.234002257029189309","8232"
"10/28/2025 00:47:10.940","32.104968188091454806","8232"
"10/28/2025 00:47:11.953","36.010566527350007959","8232"
"10/28/2025 00:47:12.972","57.05010922034511367","8230"
"10/28/2025 00:47:13.988","31.953821131682246914","8228"
"10/28/2025 00:47:14.996","36.041423298486783722","8226"
"10/28/2025 00:47:16.008","34.408339392253658673","8231"
"10/28/2025 00:47:17.015","27.835436040084495346","8231"
"10/28/2025 00:47:18.037","33.097197670633569544","8232"
"10/28/2025 00:47:19.047","31.164259439053743961","8232"
"10/28/2025 00:47:20.055","31.014781799103730009","8232"
"10/28/2025 00:47:21.063","31.412010863667084948","8232"
"10/28/2025 00:47:22.072","28.771964248728799873","8232"
"10/28/2025 00:47:23.078","62.324630687493140613","8222"
"10/28/2025 00:47:24.080","32.165724667419304694","8220"
"10/28/2025 00:47:25.093","39.109206475865079256","8220"
"10/28/2025 00:47:26.107","31.412304074083241545","8231"
"10/28/2025 00:47:27.115","29.442136969715015482","8231"
"10/28/2025 00:47:28.125","31.179098696979391292","8231"
"10/28/2025 00:47:29.138","32.152172561450399257","8249"
"10/28/2025 00:47:30.147","40.380770212312590672","8248"
"10/28/2025 00:47:31.162","29.551869727431324009","8248"
"10/28/2025 00:47:32.207","53.280293628824757945","8143"
"10/28/2025 00:47:33.357","73.157313913428254182","8126"
"10/28/2025 00:47:34.358","34.063813324088464185","8126"
"10/28/2025 00:47:35.364","37.88399493173152166","8127"
"10/28/2025 00:47:36.380","51.184919464442380388","8141"
"10/28/2025 00:47:37.400","32.570009494142659889","8136"
"10/28/2025 00:47:38.421","27.694928487356619939","8137"
"10/28/2025 00:47:39.437","40.031506892723243141","8146"
"10/28/2025 00:47:40.456","31.353274121233610572","8143"
"10/28/2025 00:47:41.504","84.716338980100616141","8235"
"10/28/2025 00:47:42.556","82.55013654789175348","8233"
"10/28/2025 00:47:43.579","62.95621572601696414","8222"
"10/28/2025 00:47:44.581","55.186666855542497956","8224"
"10/28/2025 00:47:45.587","70.489718095918576068","8239"
"10/28/2025 00:47:46.598","38.563385503383749153","8236"
"10/28/2025 00:47:47.609","33.5138227916644027","8237"
"10/28/2025 00:47:48.627","31.340513909112878821","8238"
"10/28/2025 00:47:49.639","28.196282715688358422","8238"
"10/28/2025 00:47:50.646","33.266037356914935685","8238"
"10/28/2025 00:47:51.668","31.593076567038703928","8250"
"10/28/2025 00:47:52.674","59.239332054068597699","8249"
"10/28/2025 00:47:53.685","32.78737854880169067","8249"
"10/28/2025 00:47:54.691","29.337882478667310693","8249"
"10/28/2025 00:47:55.705","39.092988199767596313","8251"
"10/28/2025 00:47:56.708","28.337229295441545673","8251"
"10/28/2025 00:47:57.725","44.725549826010770005","8251"
"10/28/2025 00:47:58.743","53.157230896799987363","8252"
"10/28/2025 00:47:59.765","28.164960151422146595","8252"
"10/28/2025 00:48:00.773","36.855462660231872007","8251"
"10/28/2025 00:48:01.787","35.283554182827295165","8250"
"10/28/2025 00:48:02.803","63.085831544800853976","8238"
"10/28/2025 00:48:03.813","33.054690620502512388","8235"
"10/28/2025 00:48:04.824","32.814910323010337834","8235"
"10/28/2025 00:48:05.845","34.949468134606661351","8246"
"10/28/2025 00:48:06.850","29.59798939933903128","8246"
"10/28/2025 00:48:07.872","29.737001809681562037","8246"
"10/28/2025 00:48:08.888","29.972944131226675779","8246"
"10/28/2025 00:48:09.899","32.813495750328499412","8246"
"10/28/2025 00:48:10.901","27.101803162270233116","8246"
"10/28/2025 00:48:11.915","32.933224358919332531","8246"
"10/28/2025 00:48:12.932","58.934163488656679419","8245"
"10/28/2025 00:48:13.940","33.280285263957345876","8242"
"10/28/2025 00:48:14.953","36.784056309925631467","8241"
"10/28/2025 00:48:15.965","30.910482866616149522","8245"
"10/28/2025 00:48:16.966","28.614577334356848581","8245"
"10/28/2025 00:48:17.985","35.565567889001350466","8245"
"10/28/2025 00:48:19.002","38.710311985105327892","8245"
"10/28/2025 00:48:20.029","85.511167004182254914","8208"
"10/28/2025 00:48:21.036","42.994341117762772342","8204"
"10/28/2025 00:48:22.057","55.5990775778795836","8202"
"10/28/2025 00:48:23.068","85.707948561303808788","8196"
"10/28/2025 00:48:24.085","57.735511622728161285","8211"
"10/28/2025 00:48:25.098","39.828964665198242301","8199"
"10/28/2025 00:48:26.111","28.670815202612498496","8213"
"10/28/2025 00:48:27.123","34.756536391803017239","8206"
"10/28/2025 00:48:28.128","33.545744848709027508","8206"
"10/28/2025 00:48:29.144","34.672612211117062486","8225"
"10/28/2025 00:48:30.162","32.836014611936747087","8225"
"10/28/2025 00:48:31.177","29.609613311830194959","8225"
"10/28/2025 00:48:32.201","53.038416882014935538","8135"
"10/28/2025 00:48:33.373","71.685822415210438407","8101"
"10/28/2025 00:48:34.381","34.102053807952358966","8102"
"10/28/2025 00:48:35.402","39.156413881255744514","8102"
"10/28/2025 00:48:36.412","48.580379415338214244","8112"
"10/28/2025 00:48:37.426","32.577126964180237678","8113"
"10/28/2025 00:48:38.428","28.255309880663748601","8113"
"10/28/2025 00:48:39.430","31.756027382094142553","8114"
"10/28/2025 00:48:40.439","36.551063901856274185","8115"
"10/28/2025 00:48:41.500","61.321625227255005086","8207"
"10/28/2025 00:48:42.515","47.688743444722582865","8206"
"10/28/2025 00:48:43.523","74.029209235808068001","8204"
"10/28/2025 00:48:44.531","67.048808335868130825","8200"
"10/28/2025 00:48:45.555","47.734212235959063264","8204"
"10/28/2025 00:48:46.565","53.214224273011147659","8208"
"10/28/2025 00:48:47.571","66.235826562740456325","8205"
"10/28/2025 00:48:48.572","43.794475431590981884","8197"
"10/28/2025 00:48:49.584","31.267381784097857178","8197"
"10/28/2025 00:48:50.597","36.772320345549566412","8220"
"10/28/2025 00:48:51.613","33.101867640836346141","8220"
"10/28/2025 00:48:52.622","50.458035280616584828","8219"
"10/28/2025 00:48:53.638","35.403206540532380586","8219"
"10/28/2025 00:48:54.643","35.480685373598866761","8220"
"10/28/2025 00:48:55.648","44.81827223877722588","8220"
"10/28/2025 00:48:56.662","29.8714986920032608","8220"
"10/28/2025 00:48:57.678","41.183947522434550592","8220"
"10/28/2025 00:48:58.694","61.924001757298633208","8219"
"10/28/2025 00:48:59.702","30.25510487995546427","8219"
"10/28/2025 00:49:00.709","27.867332182619243497","8219"
"10/28/2025 00:49:01.713","34.58849008605712072","8219"
"10/28/2025 00:49:02.728","57.665413636803421582","8207"
"10/28/2025 00:49:03.743","39.978618352364193811","8202"
"10/28/2025 00:49:04.763","40.663075167942963617","8202"
"10/28/2025 00:49:05.777","51.634851345124758382","8210"
"10/28/2025 00:49:06.800","28.312796844803965968","8210"
"10/28/2025 00:49:07.815","31.13741559093094935","8210"
"10/28/2025 00:49:08.833","28.609973483318430709","8211"
"10/28/2025 00:49:09.850","32.030531520529216039","8211"
"10/28/2025 00:49:10.863","29.026666520523313864","8211"
"10/28/2025 00:49:11.878","32.662145256459510279","8211"
"10/28/2025 00:49:12.899","57.14062635619303876","8209"
"10/28/2025 00:49:13.902","33.800200694115332567","8208"
"10/28/2025 00:49:14.919","46.236712418835260507","8223"
"10/28/2025 00:49:15.921","43.858241310752866582","8228"
"10/28/2025 00:49:16.931","38.493665012023114969","8212"
"10/28/2025 00:49:17.938","32.487660420493291724","8213"
"10/28/2025 00:49:18.951","33.292130848588563197","8213"
"10/28/2025 00:49:19.961","32.743316683279118706","8213"
"10/28/2025 00:49:20.979","33.228870335881566689","8214"
"10/28/2025 00:49:21.998","30.580274124103222988","8218"
"10/28/2025 00:49:23.013","64.221639553118635035","8218"
"10/28/2025 00:49:24.031","33.236150543904052768","8215"
"10/28/2025 00:49:25.047","39.241244414132268048","8214"
"10/28/2025 00:49:26.054","34.466460926837804379","8219"
"10/28/2025 00:49:27.069","28.765274697630825784","8219"
"10/28/2025 00:49:28.086","26.248523987126727519","8219"
"10/28/2025 00:49:29.099","34.854486056979951059","8221"
"10/28/2025 00:49:30.117","37.445073239283303224","8219"
"10/28/2025 00:49:31.132","28.441894991087767863","8219"
"10/28/2025 00:49:32.177","43.546368553393634215","8142"
"10/28/2025 00:49:33.350","78.024260279020396069","8095"
"10/28/2025 00:49:34.370","32.946385157904579444","8096"
"10/28/2025 00:49:35.389","39.047336972079747852","8097"
"10/28/2025 00:49:36.408","58.241142842683672143","8122"
"10/28/2025 00:49:37.428","32.177520240862754974","8117"
"10/28/2025 00:49:38.447","27.969458167505745649","8118"
"10/28/2025 00:49:39.469","28.116597594975900165","8116"
"10/28/2025 00:49:40.473","31.175881473866130733","8117"
"10/28/2025 00:49:41.506","58.361609081367582519","8209"
"10/28/2025 00:49:42.528","49.18070935738549565","8209"
"10/28/2025 00:49:43.533","51.436966176429343989","8209"
"10/28/2025 00:49:44.538","45.564519942024404031","8208"
"10/28/2025 00:49:45.551","80.716822296206004239","8203"
"10/28/2025 00:49:46.569","60.884728897486105836","8208"
"10/28/2025 00:49:47.582","35.546175155020151237","8209"
"10/28/2025 00:49:48.596","53.410845209723859739","8216"
"10/28/2025 00:49:49.616","62.479335149255923909","8219"
"10/28/2025 00:49:50.638","39.975787962923817531","8213"
"10/28/2025 00:49:51.639","31.326989312282005784","8213"
"10/28/2025 00:49:52.654","48.033958319455194896","8212"
"10/28/2025 00:49:53.660","39.037401739171926351","8212"
"10/28/2025 00:49:54.672","35.18672149993481213","8210"
"10/28/2025 00:49:55.693","39.136517656272573618","8211"
"10/28/2025 00:49:56.705","30.496754093389032647","8214"
"10/28/2025 00:49:57.721","47.745312274997466773","8214"
"10/28/2025 00:49:58.726","56.473066827124348777","8214"
"10/28/2025 00:49:59.731","30.388226528461014908","8214"
"10/28/2025 00:50:00.739","29.516691835352382611","8214"
"10/28/2025 00:50:01.743","33.475898772264088166","8214"
"10/28/2025 00:50:02.760","55.818556806480202681","8212"
"10/28/2025 00:50:03.779","34.81032621121370596","8213"
"10/28/2025 00:50:04.788","32.634528011300403705","8212"
"10/28/2025 00:50:05.806","41.669735861898296037","8215"
"10/28/2025 00:50:06.813","31.333828909152217079","8216"
"10/28/2025 00:50:07.826","29.843457223640822207","8216"
"10/28/2025 00:50:08.839","28.300133015742911624","8217"
"10/28/2025 00:50:09.850","29.295238976944617093","8217"
"10/28/2025 00:50:10.866","31.947250832369000761","8217"
"10/28/2025 00:50:11.868","28.257315033883013911","8217"
"10/28/2025 00:50:12.881","58.36336927908993033","8214"
"10/28/2025 00:50:13.903","33.073699487611676773","8211"
"10/28/2025 00:50:14.906","34.216680635671259836","8211"
"10/28/2025 00:50:15.927","33.020294760407232104","8216"
"10/28/2025 00:50:16.969","39.255011218594518141","8216"
"10/28/2025 00:50:17.993","33.649874579654415641","8218"
"10/28/2025 00:50:18.994","28.975257639677288068","8218"
"10/28/2025 00:50:20.014","30.643029441568593541","8220"
"10/28/2025 00:50:21.020","32.473065228820871653","8221"
"10/28/2025 00:50:22.035","28.044604203300551148","8221"
"10/28/2025 00:50:23.057","62.545934277696787262","8220"
"10/28/2025 00:50:24.073","31.151464892617074298","8217"
"10/28/2025 00:50:25.090","33.912467499688439432","8213"
"10/28/2025 00:50:26.100","32.740880789058877554","8221"
"10/28/2025 00:50:27.116","31.153468400321180809","8222"
"10/28/2025 00:50:28.116","30.103607235162787248","8222"
"10/28/2025 00:50:29.132","31.144559941175089079","8222"
"10/28/2025 00:50:30.152","29.93769854509058348","8222"
"10/28/2025 00:50:31.157","28.908125349134895288","8222"
"10/28/2025 00:50:32.202","45.761043046625552222","8153"
"10/28/2025 00:50:33.426","75.425097486643295497","8119"
"10/28/2025 00:50:34.430","35.422580194760769245","8119"
"10/28/2025 00:50:35.433","64.187817569977383414","8114"
"10/28/2025 00:50:36.440","95.730396965856940028","8109"
"10/28/2025 00:50:37.444","49.055246992334076594","8114"
"10/28/2025 00:50:38.465","42.238906000931088158","8111"
"10/28/2025 00:50:39.470","65.002282660006699189","8105"
"10/28/2025 00:50:40.491","51.819048424554466692","8102"
"10/28/2025 00:50:41.517","59.269743589743598022","8195"
"10/28/2025 00:50:42.561","47.228546613261059406","8195"
"10/28/2025 00:50:43.580","48.215050443660878443","8194"
"10/28/2025 00:50:44.588","33.382387031896932683","8194"
"10/28/2025 00:50:45.600","36.291630835532629362","8197"
"10/28/2025 00:50:46.621","59.833663094073671118","8197"
"10/28/2025 00:50:47.638","72.736639986599513463","8198"
"10/28/2025 00:50:48.650","47.080869151016656815","8199"
"10/28/2025 00:50:49.663","27.929177936128802173","8200"
"10/28/2025 00:50:50.678","55.35405942814375635","8213"
"10/28/2025 00:50:51.693","63.058008777417114743","8207"
"10/28/2025 00:50:52.709","52.322428051529477955","8184"
"10/28/2025 00:50:53.726","41.204171906898842792","8186"
"10/28/2025 00:50:54.744","30.563103470355979852","8187"
"10/28/2025 00:50:55.763","38.668620373675899771","8199"
"10/28/2025 00:50:56.773","31.961694285435481078","8199"
"10/28/2025 00:50:57.787","49.915782077668666261","8199"
"10/28/2025 00:50:58.809","45.690268547945159128","8199"
"10/28/2025 00:50:59.823","30.695574452247388564","8199"
"10/28/2025 00:51:00.841","28.259859485458328265","8199"
"10/28/2025 00:51:01.849","61.628342176479655734","8199"
"10/28/2025 00:51:02.857","61.260978576688927433","8182"
"10/28/2025 00:51:03.869","36.28284141198670909","8182"
"10/28/2025 00:51:04.884","31.850821069991653189","8182"
"10/28/2025 00:51:05.892","47.314173246072712686","8194"
"10/28/2025 00:51:06.898","30.852236581144630634","8193"
"10/28/2025 00:51:07.898","32.498174064038011011","8193"
"10/28/2025 00:51:08.913","30.711883233522307535","8193"
"10/28/2025 00:51:09.929","30.385113823685383494","8193"
"10/28/2025 00:51:10.951","29.303174965608171476","8193"
"10/28/2025 00:51:11.956","45.559686244606368177","8192"
"10/28/2025 00:51:12.969","54.88467404724070775","8182"
"10/28/2025 00:51:13.979","32.3658474905285658","8180"
"10/28/2025 00:51:14.989","35.380228645354037553","8179"
"10/28/2025 00:51:15.991","33.7051055342341499","8190"
"10/28/2025 00:51:17.002","30.867598202052203504","8190"
"10/28/2025 00:51:18.029","34.554011216918908644","8188"
"10/28/2025 00:51:19.045","32.721943113693775729","8189"
"10/28/2025 00:51:20.063","30.165094015280558892","8189"
"10/28/2025 00:51:21.070","32.480511174745473113","8190"
"10/28/2025 00:51:22.079","29.162423741302912816","8189"
"10/28/2025 00:51:23.094","55.752837285370304699","8176"
"10/28/2025 00:51:24.109","41.143879515459644836","8180"
"10/28/2025 00:51:25.114","82.503091898951026906","8164"
"10/28/2025 00:51:26.120","63.506832514809708812","8171"
"10/28/2025 00:51:27.124","39.282721568869703788","8165"
"10/28/2025 00:51:28.142","33.672071852074616061","8166"
"10/28/2025 00:51:29.147","38.974317181480301997","8167"
"10/28/2025 00:51:30.169","31.552908414145452554","8167"
"10/28/2025 00:51:31.189","28.404022484354552347","8169"
"10/28/2025 00:51:32.232","47.903044201002174418","8098"
"10/28/2025 00:51:33.399","79.248178038229539766","8076"
"10/28/2025 00:51:34.421","30.447695982556201244","8077"
"10/28/2025 00:51:35.429","35.675094686260621302","8078"
"10/28/2025 00:51:36.431","50.110525142599080084","8092"
"10/28/2025 00:51:37.449","31.674570838920558913","8095"
"10/28/2025 00:51:38.469","31.062006397837983229","8095"
"10/28/2025 00:51:39.484","30.386402415790460196","8094"
"10/28/2025 00:51:40.499","27.598307572544158006","8094"
"10/28/2025 00:51:41.544","61.508223552508475507","8188"
"10/28/2025 00:51:42.584","45.180603028986453751","8189"
"10/28/2025 00:51:43.589","51.00402977700693441","8178"
"10/28/2025 00:51:44.599","34.620146768790924341","8178"
"10/28/2025 00:51:45.602","42.029990595817977805","8192"
"10/28/2025 00:51:46.617","31.854958611178261663","8187"
"10/28/2025 00:51:47.630","40.994415039320017513","8187"
"10/28/2025 00:51:48.650","73.182518930260670231","8190"
"10/28/2025 00:51:49.656","54.6048272334961311","8189"
"10/28/2025 00:51:50.664","35.221678814641279587","8191"
"10/28/2025 00:51:51.682","32.854216182145520975","8191"
"10/28/2025 00:51:52.695","65.30023923279686926","8184"
"10/28/2025 00:51:53.704","84.898560987911224629","8190"
"10/28/2025 00:51:54.720","61.962171157624901241","8177"
"10/28/2025 00:51:55.726","38.236526334264951288","8177"
"10/28/2025 00:51:56.743","33.977285926232227098","8208"
"10/28/2025 00:51:57.761","48.159281049555346499","8208"
"10/28/2025 00:51:58.784","53.446590949719343655","8209"
"10/28/2025 00:51:59.792","32.176332023876206279","8208"
"10/28/2025 00:52:00.795","28.727750469054001314","8208"
"10/28/2025 00:52:01.802","31.286964349549194253","8208"
"10/28/2025 00:52:02.815","57.19835681156688878","8194"
"10/28/2025 00:52:03.822","62.775254656964541766","8196"
"10/28/2025 00:52:04.828","54.559000947136347293","8194"
"10/28/2025 00:52:05.837","53.573590538778105952","8208"
"10/28/2025 00:52:06.853","44.620395702778992586","8204"
"10/28/2025 00:52:07.864","42.404010840923653802","8205"
"10/28/2025 00:52:08.882","32.506029052350285724","8205"
"10/28/2025 00:52:09.887","59.597601057215165099","8254"
"10/28/2025 00:52:10.909","39.937783322251895868","8252"
"10/28/2025 00:52:11.920","38.57664290603960211","8252"
"10/28/2025 00:52:12.936","56.948857801536114209","8247"
"10/28/2025 00:52:13.948","42.862008278473453515","8254"
"10/28/2025 00:52:14.963","90.759253264866714517","8241"
"10/28/2025 00:52:15.986","42.726747829371234388","8244"
"10/28/2025 00:52:16.991","52.619292504440430491","8231"
"10/28/2025 00:52:18.000","37.259105950005576346","8228"
"10/28/2025 00:52:19.015","30.338476957145964263","8229"
"10/28/2025 00:52:20.027","37.451975472328093986","8229"
"10/28/2025 00:52:21.038","31.659834688263309488","8229"
"10/28/2025 00:52:22.055","31.642543233126684044","8229"
"10/28/2025 00:52:23.070","62.255153339348524355","8227"
"10/28/2025 00:52:24.083","34.86607491706270423","8228"
"10/28/2025 00:52:25.090","32.45133514672253483","8227"
"10/28/2025 00:52:26.109","40.594633813948078682","8241"
"10/28/2025 00:52:27.119","33.891298362308042158","8229"
"10/28/2025 00:52:28.137","34.417198815526958811","8230"
"10/28/2025 00:52:29.170","33.784492722233693485","8231"
"10/28/2025 00:52:30.189","31.397136672341886765","8231"
"10/28/2025 00:52:31.205","39.251997012933024678","8230"
"10/28/2025 00:52:32.212","47.220321601855545168","8152"
"10/28/2025 00:52:33.227","86.141621443595141727","8108"
"10/28/2025 00:52:34.233","33.61692553299751296","8108"
"10/28/2025 00:52:35.243","39.277922764061010241","8108"
"10/28/2025 00:52:36.258","52.270693136449310146","8122"
"10/28/2025 00:52:37.277","29.872530434124044518","8118"
"10/28/2025 00:52:38.289","30.115513859103081984","8124"
"10/28/2025 00:52:39.308","31.016582804088464798","8125"
"10/28/2025 00:52:40.316","31.013809888074327148","8125"
"10/28/2025 00:52:41.320","49.045136762528393604","8217"
"10/28/2025 00:52:42.326","54.182119458738931428","8215"
"10/28/2025 00:52:43.342","57.683807996880112512","8201"
"10/28/2025 00:52:44.351","31.89264735805882367","8201"
"10/28/2025 00:52:45.367","37.350556389829257853","8200"
"10/28/2025 00:52:46.373","33.203758981764316616","8213"
"10/28/2025 00:52:47.383","29.954714309618356793","8217"
"10/28/2025 00:52:48.395","30.958212568567212486","8216"
"10/28/2025 00:52:49.405","55.883467464103688371","8217"
"10/28/2025 00:52:50.414","71.739432922104825252","8220"
"10/28/2025 00:52:51.422","50.424185541253372378","8220"
"10/28/2025 00:52:52.431","31.065563669419272941","8218"
"10/28/2025 00:52:53.445","60.706391947619763982","8214"
"10/28/2025 00:52:54.454","41.521341740893106476","8207"
"10/28/2025 00:52:55.462","69.39012719520643202","8211"
"10/28/2025 00:52:56.472","66.750370366851228709","8223"
"10/28/2025 00:52:57.482","31.525622003034868612","8221"
"10/28/2025 00:52:58.486","67.707409843210726308","8220"
"10/28/2025 00:52:59.498","49.05971520268528252","8236"
"10/28/2025 00:53:00.505","54.628157967416704821","8236"
"10/28/2025 00:53:01.515","36.541013994607084214","8237"